{"lowlevel.spectral_centroid.mean": [0.33152100443840027], "lowlevel.spectral_contrast.mean": [[1.1121246814727783, 0.4983891248703003, 1.2082538604736328, 0.9685635566711426, 0.721264123916626, 0.39196205139160156]], "lowlevel.dissonance.mean": [0.1939619779586792], "lowlevel.hfc.mean": [0.4664604663848877], "lowlevel.mfcc.mean": [[0.4015960693359375, 0.637252926826477, 0.15510043501853943, 0.1350327432155609, 0.601376473903656, 0.4014435410499573, 0.6628751754760742, 0.5895477533340454, 0.15846171975135803, 0.21565088629722595, 0.09922099113464355, -0.6046727895736694, -0.512326717376709]], "sfx.logattacktime.mean": [0.43076449632644653], "sfx.inharmonicity.mean": [0.21039211750030518]}