{"lowlevel.spectral_centroid.mean": [0.3643261194229126], "lowlevel.spectral_contrast.mean": [[0.688829779624939, 1.1681677103042603, 1.2356212139129639, 1.1035090684890747, 0.7795834541320801, 0.4068474769592285]], "lowlevel.dissonance.mean": [0.2715100049972534], "lowlevel.hfc.mean": [0.46632125973701477], "lowlevel.mfcc.mean": [[0.328372597694397, 0.4855034053325653, 0.0497298538684845, 0.11398908495903015, 0.8082790374755859, 0.4674479365348816, 0.292872816324234, 0.34932103753089905, 0.1426100730895996, -0.0684393048286438, -0.004825472831726074, -0.074027419090271, 0.4742498993873596]], "sfx.logattacktime.mean": [0.6749167442321777], "sfx.inharmonicity.mean": [0.26082783937454224]}