{"lowlevel.spectral_centroid.mean": [0.37441039085388184], "lowlevel.spectral_contrast.mean": [[0.8427616357803345, 1.0277326107025146, 1.2032479047775269, 1.0418013334274292, 0.5933055877685547, 0.3925302028656006]], "lowlevel.dissonance.mean": [0.3428666591644287], "lowlevel.hfc.mean": [0.46653124690055847], "lowlevel.mfcc.mean": [[0.36796891689300537, 0.5170464515686035, 0.0225638747215271, 0.03425884246826172, 0.5897459387779236, 0.6576892137527466, 0.6691873669624329, 0.251727432012558, -0.03951627016067505, -0.126384437084198, -0.1482173204421997, -0.3456280827522278, 0.11994954943656921]], "sfx.logattacktime.mean": [0.5488862991333008], "sfx.inharmonicity.mean": [0.2953851819038391]}