{"lowlevel.spectral_centroid.mean": [0.48750898241996765], "lowlevel.spectral_contrast.mean": [[0.35400307178497314, 0.3054685592651367, 1.2403641939163208, 0.9800751209259033, 1.101385474205017, 0.8512930870056152]], "lowlevel.dissonance.mean": [0.43530893325805664], "lowlevel.hfc.mean": [0.47293704748153687], "lowlevel.mfcc.mean": [[0.4543243646621704, 0.051496341824531555, 0.28751736879348755, 0.4023001790046692, 0.3232284188270569, 0.5506112575531006, 0.83672034740448, 0.9485297799110413, 0.7158064842224121, 0.19482824206352234, -0.0373954176902771, -0.22656464576721191, 1.3488134145736694]], "sfx.logattacktime.mean": [0.6259047985076904], "sfx.inharmonicity.mean": [0.27011382579803467]}