{"lowlevel.spectral_centroid.mean": [0.3808635473251343], "lowlevel.spectral_contrast.mean": [[0.4526776075363159, 1.15691339969635, 0.9500409364700317, 1.1303648948669434, 0.6472718715667725, 0.3187432289123535]], "lowlevel.dissonance.mean": [0.4194793701171875], "lowlevel.hfc.mean": [0.4655359089374542], "lowlevel.mfcc.mean": [[0.3095954656600952, 0.4804283678531647, 0.056417316198349, 0.03909364342689514, 0.9120780229568481, 0.6378006935119629, 0.11159193515777588, -0.10315525531768799, -0.29158270359039307, -0.14996683597564697, 0.47993409633636475, 0.6756173372268677, 0.918285608291626]], "sfx.logattacktime.mean": [0.5778980851173401], "sfx.inharmonicity.mean": [2.390005350112915]}