{"lowlevel.spectral_centroid.mean": [0.48260217905044556], "lowlevel.spectral_contrast.mean": [[0.3707629442214966, 0.2834339141845703, 0.35716938972473145, 1.2887777090072632, 0.6568202972412109, 0.8444693088531494]], "lowlevel.dissonance.mean": [0.6422910690307617], "lowlevel.hfc.mean": [0.4697381854057312], "lowlevel.mfcc.mean": [[0.39101338386535645, 0.21568551659584045, 0.26184093952178955, 0.3118457794189453, 0.5599939823150635, 0.8659753799438477, 0.3749501705169678, 0.3043327331542969, 0.0638754665851593, 0.7243973612785339, 1.4058444499969482, 0.34965139627456665, 0.11356419324874878]], "sfx.logattacktime.mean": [0.546766996383667], "sfx.inharmonicity.mean": [0.9900503158569336]}