{"lowlevel.spectral_centroid.mean": [0.3380042016506195], "lowlevel.spectral_contrast.mean": [[0.9715037941932678, 0.99201500415802, 1.0215048789978027, 0.8116841316223145, 0.7302250862121582, 0.4026463031768799]], "lowlevel.dissonance.mean": [0.2555086612701416], "lowlevel.hfc.mean": [0.4657202661037445], "lowlevel.mfcc.mean": [[0.37287187576293945, 0.5899829268455505, 0.22392375767230988, 0.2585718333721161, 0.555138111114502, 0.3979085087776184, 0.7348442077636719, 0.6287151575088501, 0.19751352071762085, 0.15681296586990356, 0.2182711660861969, -0.13695842027664185, -0.19668853282928467]], "sfx.logattacktime.mean": [0.6472337245941162], "sfx.inharmonicity.mean": [0.2581237256526947]}