{"lowlevel.spectral_centroid.mean": [0.33148178458213806], "lowlevel.spectral_contrast.mean": [[1.0186734199523926, 0.3170229196548462, 1.0008347034454346, 0.8937548398971558, 0.5882515907287598, 0.35384488105773926]], "lowlevel.dissonance.mean": [0.18604302406311035], "lowlevel.hfc.mean": [0.4659346342086792], "lowlevel.mfcc.mean": [[0.32888853549957275, 0.5415027141571045, 0.23143815994262695, 0.20024821162223816, 0.6345058679580688, 0.546233594417572, 0.634932816028595, 0.40541747212409973, 0.11016920208930969, 0.11495029926300049, 0.1165856420993805, -0.28174537420272827, -0.4751710295677185]], "sfx.logattacktime.mean": [0.47914284467697144], "sfx.inharmonicity.mean": [0.25203242897987366]}