{"lowlevel.spectral_centroid.mean": [0.4396430552005768], "lowlevel.spectral_contrast.mean": [[0.38503777980804443, 0.2840752601623535, 1.3013421297073364, 0.42193055152893066, 1.144667148590088, 0.7920830249786377]], "lowlevel.dissonance.mean": [0.44134223461151123], "lowlevel.hfc.mean": [0.4730701148509979], "lowlevel.mfcc.mean": [[0.43357670307159424, 0.09841836988925934, 0.2847443222999573, 0.33608800172805786, 0.28428250551223755, 0.8109544515609741, 0.92569899559021, 0.7993969917297363, 0.4456731677055359, -0.2309572696685791, -0.07841670513153076, 1.0031120777130127, 1.9425325393676758]], "sfx.logattacktime.mean": [0.4569186568260193], "sfx.inharmonicity.mean": [0.45660626888275146]}