{"lowlevel.spectral_centroid.mean": [0.3522036671638489], "lowlevel.spectral_contrast.mean": [[0.9584342241287231, 0.7451413869857788, 1.1514822244644165, 0.8985134363174438, 0.658189058303833, 0.3735165596008301]], "lowlevel.dissonance.mean": [0.30313968658447266], "lowlevel.hfc.mean": [0.4659960865974426], "lowlevel.mfcc.mean": [[0.3691612482070923, 0.5985168218612671, 0.19023075699806213, 0.17187301814556122, 0.6748051047325134, 0.5169017910957336, 0.6460267901420593, 0.5225849151611328, 0.24610456824302673, 0.28473907709121704, 0.17050543427467346, -0.27364784479141235, -0.21210962533950806]], "sfx.logattacktime.mean": [0.5527161955833435], "sfx.inharmonicity.mean": [0.23556506633758545]}