{"lowlevel.spectral_centroid.mean": [0.36274075508117676], "lowlevel.spectral_contrast.mean": [[0.3671797513961792, 1.2757489681243896, 1.3406243324279785, 0.8141112327575684, 0.6638908386230469, 0.35584449768066406]], "lowlevel.dissonance.mean": [0.2408134937286377], "lowlevel.hfc.mean": [0.47056692838668823], "lowlevel.mfcc.mean": [[0.34621262550354004, 0.5512093901634216, 0.13016247749328613, 0.01754671335220337, 0.5483995079994202, 0.4626181423664093, 0.4206942617893219, 0.09044823050498962, -0.4203242063522339, -0.5173924565315247, 0.20932325720787048, 1.0800557136535645, 1.5579817295074463]], "sfx.logattacktime.mean": [0.6066188812255859], "sfx.inharmonicity.mean": [0.2632937729358673]}