{"lowlevel.spectral_centroid.mean": [0.4779456853866577], "lowlevel.spectral_contrast.mean": [[0.3791983127593994, 0.3003671169281006, 1.2190147638320923, 0.8863584995269775, 1.1060149669647217, 0.8251440525054932]], "lowlevel.dissonance.mean": [0.4587540626525879], "lowlevel.hfc.mean": [0.47163376212120056], "lowlevel.mfcc.mean": [[0.4361361265182495, 0.07340896874666214, 0.3167845904827118, 0.41903769969940186, 0.3003925681114197, 0.5609398484230042, 0.8757683634757996, 0.999484658241272, 0.5795548558235168, 0.3303232491016388, -0.14019060134887695, -0.18948239088058472, 1.3684234619140625]], "sfx.logattacktime.mean": [0.6231105923652649], "sfx.inharmonicity.mean": [0.28878551721572876]}