{"lowlevel.spectral_centroid.mean": [0.3465958833694458], "lowlevel.spectral_contrast.mean": [[0.3262498378753662, 1.3493871688842773, 0.5788851976394653, 1.0944912433624268, 0.74871826171875, 0.36945605278015137]], "lowlevel.dissonance.mean": [0.09868872165679932], "lowlevel.hfc.mean": [0.46612319350242615], "lowlevel.mfcc.mean": [[0.3301875591278076, 0.48790279030799866, 0.09324011206626892, 0.14601679146289825, 0.5544980764389038, 0.15032491087913513, 0.144220769405365, -0.03385639190673828, -0.3858204483985901, 0.12324362993240356, 1.281961441040039, 1.585612177848816, 1.5292198657989502]], "sfx.logattacktime.mean": [0.49655264616012573], "sfx.inharmonicity.mean": [0.2956445515155792]}