{"lowlevel.spectral_centroid.mean": [0.5254051685333252], "lowlevel.spectral_contrast.mean": [[0.3603544235229492, 0.285986065864563, 1.083306074142456, 0.7149826288223267, 1.1923022270202637, 0.9144394397735596]], "lowlevel.dissonance.mean": [0.6129422187805176], "lowlevel.hfc.mean": [0.47381481528282166], "lowlevel.mfcc.mean": [[0.4082658290863037, 0.07729297876358032, 0.29843461513519287, 0.47936004400253296, 0.4476015567779541, 0.6065430641174316, 0.8356961011886597, 0.5908875465393066, 0.4034556448459625, -0.03708350658416748, -0.03687763214111328, 1.4612648487091064, 1.9121553897857666]], "sfx.logattacktime.mean": [0.5451903343200684], "sfx.inharmonicity.mean": [0.5159326791763306]}