{"lowlevel.spectral_centroid.mean": [0.4522596597671509], "lowlevel.spectral_contrast.mean": [[0.36838221549987793, 0.2970689535140991, 0.320497989654541, 1.2784074544906616, 1.0056977272033691, 0.8963344097137451]], "lowlevel.dissonance.mean": [0.350414514541626], "lowlevel.hfc.mean": [0.47137150168418884], "lowlevel.mfcc.mean": [[0.4375267028808594, 0.11481495201587677, 0.26504281163215637, 0.30328986048698425, 0.3893602788448334, 0.825987696647644, 0.7678056955337524, 0.740561842918396, 0.09739768505096436, -0.3695678114891052, 0.6270416378974915, 1.9823516607284546, 1.308551549911499]], "sfx.logattacktime.mean": [0.6097145080566406], "sfx.inharmonicity.mean": [0.39403343200683594]}