{"lowlevel.spectral_centroid.mean": [0.3549650013446808], "lowlevel.spectral_contrast.mean": [[0.9798107743263245, 0.932119607925415, 1.0010578632354736, 1.0015957355499268, 0.654228925704956, 0.3707730770111084]], "lowlevel.dissonance.mean": [0.269018292427063], "lowlevel.hfc.mean": [0.46603527665138245], "lowlevel.mfcc.mean": [[0.4210156202316284, 0.6560039520263672, 0.14737790822982788, 0.14710600674152374, 0.5693029165267944, 0.5142689943313599, 0.9204192161560059, 0.6771292686462402, 0.4155004024505615, 0.7618734836578369, 0.5571996569633484, 0.016651242971420288, 0.1938551664352417]], "sfx.logattacktime.mean": [0.5310291051864624], "sfx.inharmonicity.mean": [0.947961688041687]}