{"lowlevel.spectral_centroid.mean": [0.339230477809906], "lowlevel.spectral_contrast.mean": [[1.027458906173706, 1.0445351600646973, 1.075729250907898, 0.8768244981765747, 0.6235671043395996, 0.37322330474853516]], "lowlevel.dissonance.mean": [0.1619817018508911], "lowlevel.hfc.mean": [0.46620509028434753], "lowlevel.mfcc.mean": [[0.4141305685043335, 0.6701937913894653, 0.25514811277389526, 0.20407797396183014, 0.34417468309402466, 0.3035920560359955, 0.7917274236679077, 0.3889167904853821, 0.17126739025115967, 0.5359001755714417, 0.20618128776550293, -0.248354971408844, 0.029954254627227783]], "sfx.logattacktime.mean": [0.48170995712280273], "sfx.inharmonicity.mean": [0.2252773642539978]}