{"lowlevel.spectral_centroid.mean": [0.47593599557876587], "lowlevel.spectral_contrast.mean": [[0.4214869737625122, 0.29976916313171387, 1.312961220741272, 0.8180732727050781, 1.1123791933059692, 0.9578638076782227]], "lowlevel.dissonance.mean": [0.3882375955581665], "lowlevel.hfc.mean": [0.47251465916633606], "lowlevel.mfcc.mean": [[0.4870293140411377, 0.06856438517570496, 0.30524224042892456, 0.4061982035636902, 0.212559312582016, 0.5681685209274292, 0.8169498443603516, 1.0025956630706787, 0.631758451461792, 0.09701097011566162, 0.13929635286331177, -0.2995683550834656, 1.5237308740615845]], "sfx.logattacktime.mean": [0.5251665115356445], "sfx.inharmonicity.mean": [0.2582875192165375]}