{"lowlevel.spectral_centroid.mean": [0.3892652690410614], "lowlevel.spectral_contrast.mean": [[0.7812420129776001, 1.0435655117034912, 1.3437612056732178, 0.8288509845733643, 0.45440673828125, 0.3897368907928467]], "lowlevel.dissonance.mean": [0.12431991100311279], "lowlevel.hfc.mean": [0.46623146533966064], "lowlevel.mfcc.mean": [[0.36693477630615234, 0.5523711442947388, 0.0762643814086914, -0.11703497171401978, 0.283001571893692, 0.47131234407424927, 0.6645859479904175, 0.3605319857597351, 0.07731962203979492, -0.12357378005981445, -0.33986884355545044, -0.48856961727142334, 0.18076318502426147]], "sfx.logattacktime.mean": [0.4093226194381714], "sfx.inharmonicity.mean": [0.3162192106246948]}