{"lowlevel.spectral_centroid.mean": [0.4350678324699402], "lowlevel.spectral_contrast.mean": [[0.35015690326690674, 0.2928600311279297, 0.3342125415802002, 1.4428075551986694, 1.0858865976333618, 0.8709330558776855]], "lowlevel.dissonance.mean": [0.41192495822906494], "lowlevel.hfc.mean": [0.4855869710445404], "lowlevel.mfcc.mean": [[0.42237114906311035, 0.10574597120285034, 0.255160391330719, 0.34087705612182617, 0.32006940245628357, 0.8846010565757751, 1.1054835319519043, 0.6655327677726746, -0.12381130456924438, -0.4215758442878723, 0.8497475385665894, 1.560120940208435, 1.7151237726211548]], "sfx.logattacktime.mean": [0.5881707668304443], "sfx.inharmonicity.mean": [0.33627814054489136]}