{"lowlevel.spectral_centroid.mean": [0.3351682424545288], "lowlevel.spectral_contrast.mean": [[1.071654200553894, 0.9729820489883423, 1.122426986694336, 0.9109832048416138, 0.5743041038513184, 0.35445690155029297]], "lowlevel.dissonance.mean": [0.16898071765899658], "lowlevel.hfc.mean": [0.4668198525905609], "lowlevel.mfcc.mean": [[0.3402329683303833, 0.5528567433357239, 0.20767271518707275, 0.15753965079784393, 0.5898123979568481, 0.5033645033836365, 0.5591607689857483, 0.23787039518356323, -0.20238327980041504, -0.27539730072021484, -0.1553834080696106, -0.43283939361572266, -0.29202401638031006]], "sfx.logattacktime.mean": [0.5968298316001892], "sfx.inharmonicity.mean": [0.23682653903961182]}