{"lowlevel.spectral_centroid.mean": [0.35227155685424805], "lowlevel.spectral_contrast.mean": [[0.9112686514854431, 0.9306023120880127, 1.0311641693115234, 0.7861279249191284, 0.5556392669677734, 0.3462085723876953]], "lowlevel.dissonance.mean": [0.15384089946746826], "lowlevel.hfc.mean": [0.46555596590042114], "lowlevel.mfcc.mean": [[0.39296138286590576, 0.6639082431793213, 0.2605023682117462, 0.14859318733215332, 0.5703414678573608, 0.6047423481941223, 0.8437519073486328, 0.6215163469314575, 0.44971150159835815, 0.7457349896430969, 0.7109673619270325, 0.21479147672653198, 0.3039294481277466]], "sfx.logattacktime.mean": [0.5560073852539062], "sfx.inharmonicity.mean": [0.2621678113937378]}