{"lowlevel.spectral_centroid.mean": [0.3378104567527771], "lowlevel.spectral_contrast.mean": [[1.0225136280059814, 0.6727615594863892, 1.074774146080017, 0.9422124624252319, 0.5895919799804688, 0.4374055862426758]], "lowlevel.dissonance.mean": [0.3187750577926636], "lowlevel.hfc.mean": [0.46637776494026184], "lowlevel.mfcc.mean": [[0.36424410343170166, 0.5206862688064575, 0.11153244972229004, 0.16982048749923706, 0.6022062301635742, 0.5727230310440063, 0.4718793034553528, 0.2958747148513794, 0.24334385991096497, 0.038884878158569336, -0.1740168333053589, -0.7647626399993896, -0.5134114027023315]], "sfx.logattacktime.mean": [0.5237323641777039], "sfx.inharmonicity.mean": [0.27519840002059937]}