{"lowlevel.spectral_centroid.mean": [0.3544493317604065], "lowlevel.spectral_contrast.mean": [[0.3659008741378784, 1.2961604595184326, 1.0448521375656128, 1.0738093852996826, 0.6167569160461426, 0.3171370029449463]], "lowlevel.dissonance.mean": [0.11637711524963379], "lowlevel.hfc.mean": [0.46703633666038513], "lowlevel.mfcc.mean": [[0.2862595319747925, 0.46516332030296326, 0.15445932745933533, 0.1164579689502716, 0.7498228549957275, 0.4674917757511139, 0.11337807774543762, -0.047325074672698975, -0.18857276439666748, -0.1269562840461731, 0.5103939175605774, 1.431420087814331, 2.0880398750305176]], "sfx.logattacktime.mean": [0.5163233876228333], "sfx.inharmonicity.mean": [0.25947660207748413]}