{"lowlevel.spectral_centroid.mean": [0.5056483149528503], "lowlevel.spectral_contrast.mean": [[0.3636481761932373, 0.3071702718734741, 1.332182765007019, 0.437744140625, 1.4111721515655518, 1.0068206787109375]], "lowlevel.dissonance.mean": [0.5630730390548706], "lowlevel.hfc.mean": [0.49431633949279785], "lowlevel.mfcc.mean": [[0.5024635791778564, 0.010172441601753235, 0.27982378005981445, 0.33934712409973145, 0.33411073684692383, 0.7844040393829346, 0.7091898918151855, 0.961376428604126, 0.44635459780693054, -0.3920409083366394, -0.16189992427825928, 1.048943281173706, 2.0424652099609375]], "sfx.logattacktime.mean": [0.5935271382331848], "sfx.inharmonicity.mean": [0.5305843949317932]}