{"lowlevel.spectral_centroid.mean": [0.376470685005188], "lowlevel.spectral_contrast.mean": [[0.8517872095108032, 0.9197729825973511, 1.125044345855713, 0.8811420202255249, 0.6482577323913574, 0.37438488006591797]], "lowlevel.dissonance.mean": [0.10733211040496826], "lowlevel.hfc.mean": [0.4661087691783905], "lowlevel.mfcc.mean": [[0.454348087310791, 0.7585674524307251, 0.24288253486156464, 0.09060531854629517, 0.3788226842880249, 0.33954137563705444, 0.8720881938934326, 0.7745473384857178, 0.39920201897621155, 0.6017298102378845, 0.6500569581985474, 0.28154900670051575, 0.29627206921577454]], "sfx.logattacktime.mean": [0.5059442520141602], "sfx.inharmonicity.mean": [0.2280162125825882]}