{"lowlevel.spectral_centroid.mean": [0.4868760108947754], "lowlevel.spectral_contrast.mean": [[0.3326915502548218, 0.2855989933013916, 1.3846163749694824, 1.3094514608383179, 1.075426697731018, 0.9571003913879395]], "lowlevel.dissonance.mean": [0.38790571689605713], "lowlevel.hfc.mean": [0.47548824548721313], "lowlevel.mfcc.mean": [[0.45711684226989746, 0.04490815848112106, 0.2785993218421936, 0.4395584166049957, 0.43966662883758545, 0.6534634232521057, 0.5441787838935852, 1.0277540683746338, 0.7887280583381653, -0.4278866648674011, -0.16634130477905273, 0.5224424600601196, 1.9446697235107422]], "sfx.logattacktime.mean": [0.6601113080978394], "sfx.inharmonicity.mean": [0.5095235109329224]}