{"lowlevel.spectral_centroid.mean": [0.34596601128578186], "lowlevel.spectral_contrast.mean": [[0.458127498626709, 1.2738062143325806, 1.1469684839248657, 1.0797265768051147, 0.6363179683685303, 0.3551676273345947]], "lowlevel.dissonance.mean": [0.25514543056488037], "lowlevel.hfc.mean": [0.4669482409954071], "lowlevel.mfcc.mean": [[0.3367191553115845, 0.534651517868042, 0.13206645846366882, 0.07041576504707336, 0.6845505237579346, 0.5924928784370422, 0.4078335762023926, -0.04972618818283081, -0.43380028009414673, -0.27223342657089233, 0.2066631019115448, 0.4257602095603943, 0.9244557619094849]], "sfx.logattacktime.mean": [0.6620587110519409], "sfx.inharmonicity.mean": [0.2944345772266388]}