{"lowlevel.spectral_centroid.mean": [0.4862082302570343], "lowlevel.spectral_contrast.mean": [[0.3908686637878418, 0.2944481372833252, 1.2469114065170288, 1.141282558441162, 1.07479727268219, 1.1051557064056396]], "lowlevel.dissonance.mean": [0.5151546001434326], "lowlevel.hfc.mean": [0.4785201847553253], "lowlevel.mfcc.mean": [[0.4913440942764282, 0.04041600227355957, 0.27436041831970215, 0.36318084597587585, 0.43558269739151, 0.6597914099693298, 0.3789566159248352, 0.8331633806228638, 0.9228939414024353, 0.44657883048057556, -0.10208982229232788, -0.00450664758682251, 0.5275679230690002]], "sfx.logattacktime.mean": [0.5601518750190735], "sfx.inharmonicity.mean": [0.24997812509536743]}