{"lowlevel.spectral_centroid.mean": [0.32199913263320923], "lowlevel.spectral_contrast.mean": [[1.0482120513916016, 0.9502161741256714, 0.9913976192474365, 0.9079874753952026, 0.6863503456115723, 0.38114356994628906]], "lowlevel.dissonance.mean": [0.2247304916381836], "lowlevel.hfc.mean": [0.465726763010025], "lowlevel.mfcc.mean": [[0.38844478130340576, 0.6286762952804565, 0.23758597671985626, 0.3091018497943878, 0.7346948385238647, 0.4857320189476013, 0.624343752861023, 0.4446350336074829, 0.15399137139320374, 0.316419392824173, 0.3459673523902893, 0.0552595853805542, 0.18634063005447388]], "sfx.logattacktime.mean": [0.44104811549186707], "sfx.inharmonicity.mean": [0.19934992492198944]}