{"lowlevel.spectral_centroid.mean": [0.5031523704528809], "lowlevel.spectral_contrast.mean": [[0.38359618186950684, 0.2902790307998657, 1.3983333110809326, 1.2214248180389404, 1.2358585596084595, 1.2311820983886719]], "lowlevel.dissonance.mean": [0.4609264135360718], "lowlevel.hfc.mean": [0.48307284712791443], "lowlevel.mfcc.mean": [[0.5552639961242676, 0.011264830827713013, 0.2316484898328781, 0.3381076157093048, 0.40866246819496155, 0.5682440996170044, 0.43726202845573425, 0.8675177693367004, 0.8831323981285095, 0.3677899241447449, -0.09062355756759644, -0.23116672039031982, 0.6000885963439941]], "sfx.logattacktime.mean": [0.48925530910491943], "sfx.inharmonicity.mean": [0.2558877170085907]}